epoch,time(s),train_loss,test_loss,test_error(%)
001,00149,1.704349,1.34359,49.44
002,00148,1.533634,1.14371,40.55
003,00148,1.465787,1.04273,37.00
