epoch,time(s),train_loss,test_loss,test_error(%)
001,00149,1.837375,5.03329,79.09
002,00148,1.706587,2.97729,74.44
